{
	"credit": "Made with Blockbench",
	"texture_size": [64, 64],
	"textures": {
		"0": "tg/entity/minstrel/plains",
		"particle": "tg/entity/minstrel/plains"
	},
	"elements": [
		{
			"from": [3, 7, 3],
			"to": [13, 11, 13],
			"faces": {
				"north": {"uv": [2.5, 2.5, 5, 3.5], "texture": "#0"},
				"east": {"uv": [0, 2.5, 2.5, 3.5], "texture": "#0"},
				"south": {"uv": [7.5, 2.5, 10, 3.5], "texture": "#0"},
				"west": {"uv": [5, 2.5, 7.5, 3.5], "texture": "#0"},
				"up": {"uv": [5, 2.5, 2.5, 0], "texture": "#0"},
				"down": {"uv": [7.5, 0, 5, 2.5], "texture": "#0"}
			}
		},
		{
			"from": [7, 11.25, 7],
			"to": [9, 11.25, 9],
			"faces": {
				"north": {"uv": [0.5, 0.5, 1, 0.5], "texture": "#0"},
				"east": {"uv": [0, 0.5, 0.5, 0.5], "texture": "#0"},
				"south": {"uv": [1.5, 0.5, 2, 0.5], "texture": "#0"},
				"west": {"uv": [1, 0.5, 1.5, 0.5], "texture": "#0"},
				"up": {"uv": [0.5, 0.5, 0, 0], "texture": "#0"},
				"down": {"uv": [0.5, 0.5, 0, 0], "texture": "#0"}
			}
		},
		{
			"from": [4, 6, 4],
			"to": [12, 9, 12],
			"faces": {
				"north": {"uv": [2, 9.25, 4, 10], "texture": "#0"},
				"east": {"uv": [0, 9.25, 2, 10], "texture": "#0"},
				"south": {"uv": [6, 9.25, 8, 10], "texture": "#0"},
				"west": {"uv": [4, 9.25, 6, 10], "texture": "#0"},
				"up": {"uv": [4, 9.25, 2, 7.25], "texture": "#0"},
				"down": {"uv": [6, 7.25, 4, 9.25], "texture": "#0"}
			}
		},
		{
			"name": "feather",
			"from": [13.25, 4, 8],
			"to": [13.25, 9, 14],
			"faces": {
				"north": {"uv": [9.75, 8.75, 9.75, 10], "texture": "#0"},
				"east": {"uv": [0.25, 0.75, 1.75, 2], "texture": "#0"},
				"south": {"uv": [11.25, 8.75, 11.25, 10], "texture": "#0"},
				"west": {"uv": [1.75, 0.75, 0.25, 2], "texture": "#0"},
				"up": {"uv": [9.75, 8.75, 9.75, 7.25], "texture": "#0"},
				"down": {"uv": [9.75, 7.25, 9.75, 8.75], "texture": "#0"}
			}
		},
		{
			"from": [3, -3, 3],
			"to": [13, 0, 13],
			"faces": {
				"north": {"uv": [2.5, 6.25, 5, 7], "texture": "#0"},
				"east": {"uv": [0, 6.25, 2.5, 7], "texture": "#0"},
				"south": {"uv": [7.5, 6.25, 10, 7], "texture": "#0"},
				"west": {"uv": [5, 6.25, 7.5, 7], "texture": "#0"},
				"up": {"uv": [5, 6.25, 2.5, 3.75], "texture": "#0"},
				"down": {"uv": [7.5, 3.75, 5, 6.25], "texture": "#0"}
			}
		}
	],
	"display": {
		"head": {
			"translation": [0, 4.5, 0],
			"scale": [1.61, 1.61, 1.61]
		}
	}
}