{
	"credit": "Made with Blockbench",
	"texture_size": [32, 32],
	"textures": {
		"0": "tg/item/instrument/banjo",
		"particle": "tg/item/instrument/banjo"
	},
	"elements": [
		{
			"from": [6.5, 9, 6],
			"to": [9.5, 18, 7],
			"faces": {
				"north": {"uv": [0.5, 7, 2, 11.5], "texture": "#0"},
				"east": {"uv": [0, 7, 0.5, 11.5], "texture": "#0"},
				"south": {"uv": [2.5, 7, 4, 11.5], "texture": "#0"},
				"west": {"uv": [2, 7, 2.5, 11.5], "texture": "#0"},
				"up": {"uv": [2, 7, 0.5, 6.5], "texture": "#0"},
				"down": {"uv": [3.5, 6.5, 2, 7], "texture": "#0"}
			}
		},
		{
			"from": [6, 18, 6],
			"to": [10, 23, 7],
			"faces": {
				"north": {"uv": [5, 7, 7, 9.5], "texture": "#0"},
				"east": {"uv": [4.5, 7, 5, 9.5], "texture": "#0"},
				"south": {"uv": [7.5, 7, 9.5, 9.5], "texture": "#0"},
				"west": {"uv": [7, 7, 7.5, 9.5], "texture": "#0"},
				"up": {"uv": [7, 7, 5, 6.5], "texture": "#0"},
				"down": {"uv": [9, 6.5, 7, 7], "texture": "#0"}
			}
		},
		{
			"from": [3.5, 0, 6],
			"to": [12.5, 9, 9],
			"faces": {
				"north": {"uv": [1.5, 1.5, 6, 6], "texture": "#0"},
				"east": {"uv": [0, 1.5, 1.5, 6], "texture": "#0"},
				"south": {"uv": [7.5, 1.5, 12, 6], "texture": "#0"},
				"west": {"uv": [6, 1.5, 7.5, 6], "texture": "#0"},
				"up": {"uv": [6, 1.5, 1.5, 0], "texture": "#0"},
				"down": {"uv": [10.5, 0, 6, 1.5], "texture": "#0"}
			}
		},
		{
			"from": [6.75, 3, 5.75],
			"to": [7.25, 19, 5.75],
			"faces": {
				"north": {"uv": [13, 0, 13.5, 8], "texture": "#0"},
				"east": {"uv": [13, 0, 13, 9.5], "texture": "#missing"},
				"south": {"uv": [13, 0, 13.5, 8], "texture": "#0"},
				"west": {"uv": [13, 0, 13, 9.5], "texture": "#missing"},
				"up": {"uv": [13, 0, 13, 0], "texture": "#missing"},
				"down": {"uv": [13, 0, 13, 0], "texture": "#missing"}
			}
		},
		{
			"from": [7.75, 3, 5.75],
			"to": [8.25, 19, 5.75],
			"faces": {
				"north": {"uv": [13, 0, 13.5, 8], "texture": "#0"},
				"east": {"uv": [13, 0, 13, 9.5], "texture": "#missing"},
				"south": {"uv": [13, 0, 13.5, 8], "texture": "#0"},
				"west": {"uv": [13, 0, 13, 9.5], "texture": "#missing"},
				"up": {"uv": [13, 0, 13, 0], "texture": "#missing"},
				"down": {"uv": [13, 0, 13, 0], "texture": "#missing"}
			}
		},
		{
			"from": [8.75, 3, 5.75],
			"to": [9.25, 19, 5.75],
			"faces": {
				"north": {"uv": [13, 0, 13.5, 8], "texture": "#0"},
				"east": {"uv": [13, 0, 13, 9.5], "texture": "#missing"},
				"south": {"uv": [13, 0, 13.5, 8], "texture": "#0"},
				"west": {"uv": [13, 0, 13, 9.5], "texture": "#missing"},
				"up": {"uv": [13, 0, 13, 0], "texture": "#missing"},
				"down": {"uv": [13, 0, 13, 0], "texture": "#missing"}
			}
		}
	],
	"display": {
		"thirdperson_righthand": {
			"rotation": [0, 24, 0],
			"translation": [0.5, -6.25, 3],
			"scale": [0.8, 0.8, 0.8]
		},
		"thirdperson_lefthand": {
			"rotation": [85, 28, -57],
			"translation": [-3, -0.75, 2],
			"scale": [0.8, 0.8, 0.8]
		},
		"firstperson_righthand": {
			"rotation": [-28, 112, 0],
			"translation": [1.25, -2.25, 4.75],
			"scale": [0.8, 0.8, 0.8]
		},
		"firstperson_lefthand": {
			"rotation": [79, 37, -102],
			"translation": [-1.5, 2.5, 2],
			"scale": [0.8, 0.8, 0.8]
		},
		"ground": {
			"translation": [0, 3, 0],
			"scale": [0.5, 0.5, 0.5]
		},
		"gui": {
			"rotation": [-25, -180, -45],
			"translation": [0.75, -0.75, 0],
			"scale": [0.65, 0.65, 0.65]
		},
		"head": {
			"translation": [0, 13.75, 0]
		},
		"fixed": {
			"translation": [0, -2.25, 0],
			"scale": [0.75, 0.75, 0.75]
		}
	},
	"groups": [
		0,
		1,
		2,
		{
			"name": "strings",
			"origin": [0, 0, 0],
			"color": 0,
			"nbt": "{}",
			"armAnimationEnabled": false,
			"children": [3, 4, 5]
		}
	]
}