{
	"credit": "Made with Blockbench",
	"texture_size": [32, 32],
	"textures": {
		"0": "tg/item/instrument/lute",
		"particle": "tg/item/instrument/lute"
	},
	"elements": [
		{
			"from": [6.5, 9, 6],
			"to": [9.5, 20, 7],
			"faces": {
				"north": {"uv": [12, 0.5, 13.5, 6], "texture": "#0"},
				"east": {"uv": [11.5, 0.5, 12, 6], "texture": "#0"},
				"south": {"uv": [14, 0.5, 15.5, 6], "texture": "#0"},
				"west": {"uv": [13.5, 0.5, 14, 6], "texture": "#0"},
				"up": {"uv": [13.5, 0.5, 12, 0], "texture": "#0"},
				"down": {"uv": [15, 0, 13.5, 0.5], "texture": "#0"}
			}
		},
		{
			"from": [6, 20, 6],
			"to": [10, 22, 13],
			"faces": {
				"north": {"uv": [3.5, 11, 5.5, 12], "texture": "#0"},
				"east": {"uv": [0, 11, 3.5, 12], "texture": "#0"},
				"south": {"uv": [9, 11, 11, 12], "texture": "#0"},
				"west": {"uv": [5.5, 11, 9, 12], "texture": "#0"},
				"up": {"uv": [5.5, 11, 3.5, 7.5], "texture": "#0"},
				"down": {"uv": [7.5, 7.5, 5.5, 11], "texture": "#0"}
			}
		},
		{
			"from": [4, -2, 6],
			"to": [12, 9, 9],
			"faces": {
				"north": {"uv": [1.5, 1.5, 5.5, 7], "texture": "#0"},
				"east": {"uv": [0, 1.5, 1.5, 7], "texture": "#0"},
				"south": {"uv": [7, 1.5, 11, 7], "texture": "#0"},
				"west": {"uv": [5.5, 1.5, 7, 7], "texture": "#0"},
				"up": {"uv": [5.5, 1.5, 1.5, 0], "texture": "#0"},
				"down": {"uv": [9.5, 0, 5.5, 1.5], "texture": "#0"}
			}
		},
		{
			"from": [6.75, -1.75, 5.75],
			"to": [7.25, 22.25, 5.75],
			"faces": {
				"north": {"uv": [11.5, 6.5, 12, 12.5], "texture": "#0"},
				"east": {"uv": [11.5, 6.5, 12, 12.5], "texture": "#0"},
				"south": {"uv": [11.5, 6.5, 12, 12.5], "texture": "#0"},
				"west": {"uv": [11.5, 6.5, 12, 12.5], "texture": "#0"},
				"up": {"uv": [11.5, 6.5, 12, 12.5], "texture": "#0"},
				"down": {"uv": [11.5, 6.5, 12, 12.5], "texture": "#0"}
			}
		},
		{
			"from": [7.75, -1.75, 5.75],
			"to": [8.25, 22.25, 5.75],
			"faces": {
				"north": {"uv": [11.5, 6.5, 12, 12.5], "texture": "#0"},
				"east": {"uv": [11.5, 6.5, 12, 12.5], "texture": "#0"},
				"south": {"uv": [11.5, 6.5, 12, 12.5], "texture": "#0"},
				"west": {"uv": [11.5, 6.5, 12, 12.5], "texture": "#0"},
				"up": {"uv": [11.5, 6.5, 12, 12.5], "texture": "#0"},
				"down": {"uv": [11.5, 6.5, 12, 12.5], "texture": "#0"}
			}
		},
		{
			"from": [8.75, -1.75, 5.75],
			"to": [9.25, 22.25, 5.75],
			"faces": {
				"north": {"uv": [11.5, 6.5, 12, 12.5], "texture": "#0"},
				"east": {"uv": [11.5, 6.5, 12, 12.5], "texture": "#0"},
				"south": {"uv": [11.5, 6.5, 12, 12.5], "texture": "#0"},
				"west": {"uv": [11.5, 6.5, 12, 12.5], "texture": "#0"},
				"up": {"uv": [11.5, 6.5, 12, 12.5], "texture": "#0"},
				"down": {"uv": [11.5, 6.5, 12, 12.5], "texture": "#0"}
			}
		},
		{
			"from": [6.75, 22.25, 5.75],
			"to": [7.25, 22.25, 11.75],
			"faces": {
				"north": {"uv": [11.5, 9.5, 12, 6.5], "texture": "#0"},
				"east": {"uv": [11.5, 9.5, 12, 6.5], "texture": "#0"},
				"south": {"uv": [11.5, 9.5, 12, 6.5], "texture": "#0"},
				"west": {"uv": [11.5, 9.5, 12, 6.5], "texture": "#0"},
				"up": {"uv": [11.5, 9.5, 12, 6.5], "texture": "#0"},
				"down": {"uv": [11.5, 9.5, 12, 6.5], "texture": "#0"}
			}
		},
		{
			"from": [7.75, 22.25, 5.75],
			"to": [8.25, 22.25, 11.75],
			"faces": {
				"north": {"uv": [11.5, 9.5, 12, 6.5], "texture": "#0"},
				"east": {"uv": [11.5, 9.5, 12, 6.5], "texture": "#0"},
				"south": {"uv": [11.5, 9.5, 12, 6.5], "texture": "#0"},
				"west": {"uv": [11.5, 9.5, 12, 6.5], "texture": "#0"},
				"up": {"uv": [11.5, 9.5, 12, 6.5], "texture": "#0"},
				"down": {"uv": [11.5, 9.5, 12, 6.5], "texture": "#0"}
			}
		},
		{
			"from": [8.75, 22.25, 5.75],
			"to": [9.25, 22.25, 11.75],
			"faces": {
				"north": {"uv": [11.5, 9.5, 12, 6.5], "texture": "#0"},
				"east": {"uv": [11.5, 9.5, 12, 6.5], "texture": "#0"},
				"south": {"uv": [11.5, 9.5, 12, 6.5], "texture": "#0"},
				"west": {"uv": [11.5, 9.5, 12, 6.5], "texture": "#0"},
				"up": {"uv": [11.5, 9.5, 12, 6.5], "texture": "#0"},
				"down": {"uv": [11.5, 9.5, 12, 6.5], "texture": "#0"}
			}
		}
	],
	"display": {
		"thirdperson_righthand": {
			"rotation": [0, 24, 0],
			"translation": [0.5, -6.25, 3]
		},
		"thirdperson_lefthand": {
			"rotation": [85, 28, -57],
			"translation": [-3, -0.75, 2]
		},
		"firstperson_righthand": {
			"rotation": [-28, 112, 0],
			"translation": [1.25, -2.25, 4.75],
			"scale": [0.8, 0.8, 0.8]
		},
		"firstperson_lefthand": {
			"rotation": [79, 37, -102],
			"translation": [-1.5, 2.5, 2],
			"scale": [0.8, 0.8, 0.8]
		},
		"ground": {
			"translation": [0, 3, 0],
			"scale": [0.5, 0.5, 0.5]
		},
		"gui": {
			"rotation": [-25, -180, -45],
			"translation": [0.75, -0.75, 0],
			"scale": [0.65, 0.65, 0.65]
		},
		"fixed": {
			"translation": [0, -1.5, 0],
			"scale": [0.75, 0.75, 0.75]
		}
	},
	"groups": [
		0,
		1,
		2,
		{
			"name": "strings",
			"origin": [0, 0, 0],
			"color": 0,
			"nbt": "{}",
			"armAnimationEnabled": false,
			"children": [3, 4, 5, 6, 7, 8]
		}
	]
}