{
	"credit": "Made with Blockbench",
	"texture_size": [32, 32],
	"textures": {
		"0": "tg/item/instrument/trumpet",
		"particle": "tg/item/instrument/trumpet"
	},
	"elements": [
		{
			"from": [5, 1, 1],
			"to": [11, 7, 2],
			"rotation": {"angle": 0, "axis": "y", "origin": [0, 1, 0]},
			"faces": {
				"north": {"uv": [8.5, 0.5, 11.5, 3.5], "texture": "#0"},
				"east": {"uv": [8, 0.5, 8.5, 3.5], "texture": "#0"},
				"south": {"uv": [12, 0.5, 15, 3.5], "texture": "#0"},
				"west": {"uv": [11.5, 0.5, 12, 3.5], "texture": "#0"},
				"up": {"uv": [11.5, 0.5, 8.5, 0], "texture": "#0"},
				"down": {"uv": [14.5, 0, 11.5, 0.5], "texture": "#0"}
			}
		},
		{
			"from": [4, 0, 1],
			"to": [12, 8, 1],
			"rotation": {"angle": 0, "axis": "y", "origin": [0, 1, 0]},
			"faces": {
				"north": {"uv": [6, 7.5, 10, 11.5], "texture": "#0"},
				"east": {"uv": [6, 7.5, 6, 11.5], "texture": "#0"},
				"south": {"uv": [10, 7.5, 6, 11.5], "texture": "#0"},
				"west": {"uv": [10, 7.5, 10, 11.5], "texture": "#0"},
				"up": {"uv": [10, 7.5, 6, 7.5], "texture": "#0"},
				"down": {"uv": [14, 7.5, 10, 7.5], "texture": "#0"}
			}
		},
		{
			"from": [6.5, 2.5, 2],
			"to": [9.5, 5.5, 4],
			"rotation": {"angle": 0, "axis": "z", "origin": [0, 1, 0]},
			"faces": {
				"north": {"uv": [1, 1, 2.5, 2.5], "texture": "#0"},
				"east": {"uv": [0, 1, 1, 2.5], "texture": "#0"},
				"south": {"uv": [3.5, 1, 5, 2.5], "texture": "#0"},
				"west": {"uv": [2.5, 1, 3.5, 2.5], "texture": "#0"},
				"up": {"uv": [2.5, 1, 1, 0], "texture": "#0"},
				"down": {"uv": [4, 0, 2.5, 1], "texture": "#0"}
			}
		},
		{
			"from": [7.5, 3.5, 4],
			"to": [8.5, 4.5, 17],
			"rotation": {"angle": 0, "axis": "y", "origin": [0, 1, 0]},
			"faces": {
				"north": {"uv": [6.5, 6.5, 7, 7], "texture": "#0"},
				"east": {"uv": [0, 6.5, 6.5, 7], "texture": "#0"},
				"south": {"uv": [13.5, 6.5, 14, 7], "texture": "#0"},
				"west": {"uv": [7, 6.5, 13.5, 7], "texture": "#0"},
				"up": {"uv": [7, 6.5, 6.5, 0], "texture": "#0"},
				"down": {"uv": [7.5, 0, 7, 6.5], "texture": "#0"}
			}
		},
		{
			"from": [8, 3.5, 17],
			"to": [8, 4.5, 18],
			"rotation": {"angle": -45, "axis": "z", "origin": [8, 4, 17.5]},
			"faces": {
				"north": {"uv": [2, 3.5, 2, 4], "texture": "#0"},
				"east": {"uv": [1.5, 3.5, 2, 4], "texture": "#0"},
				"south": {"uv": [2.5, 3.5, 2.5, 4], "texture": "#0"},
				"west": {"uv": [1.5, 3.5, 2, 4], "texture": "#0"},
				"up": {"uv": [2, 3.5, 2, 3], "texture": "#0"},
				"down": {"uv": [2, 3, 2, 3.5], "texture": "#0"}
			}
		},
		{
			"from": [8, 3.5, 17],
			"to": [8, 4.5, 18],
			"rotation": {"angle": 45, "axis": "z", "origin": [8, 4, 17.5]},
			"faces": {
				"north": {"uv": [0.5, 3.5, 0.5, 4], "texture": "#0"},
				"east": {"uv": [0, 3.5, 0.5, 4], "texture": "#0"},
				"south": {"uv": [1, 3.5, 1, 4], "texture": "#0"},
				"west": {"uv": [0, 3.5, 0.5, 4], "texture": "#0"},
				"up": {"uv": [0.5, 3.5, 0.5, 3], "texture": "#0"},
				"down": {"uv": [0.5, 3, 0.5, 3.5], "texture": "#0"}
			}
		},
		{
			"from": [8, 0.5, 4],
			"to": [8, 5.5, 17],
			"rotation": {"angle": 0, "axis": "y", "origin": [0, 1, 0]},
			"faces": {
				"north": {"uv": [5.5, 13, 5.5, 15.5], "texture": "#0"},
				"east": {"uv": [6.5, 13, 0, 15.5], "texture": "#0"},
				"south": {"uv": [11, 13, 11, 15.5], "texture": "#0"},
				"west": {"uv": [0, 13, 6.5, 15.5], "texture": "#0"},
				"up": {"uv": [5.5, 13, 5.5, 7.5], "texture": "#0"},
				"down": {"uv": [14.5, 8, 14.5, 13.5], "texture": "#0"}
			}
		}
	],
	"display": {
		"thirdperson_righthand": {
			"rotation": [90, 0, 0],
			"translation": [0, -0.75, 4.5],
			"scale": [0.9, 0.9, 0.9]
		},
		"thirdperson_lefthand": {
			"rotation": [0, 15, 0],
			"translation": [-1, 4.75, 0.75],
			"scale": [0.9, 0.9, 0.9]
		},
		"firstperson_righthand": {
			"rotation": [42, 0, 0],
			"translation": [3.75, 4.5, 4.5],
			"scale": [0.9, 0.9, 0.9]
		},
		"firstperson_lefthand": {
			"rotation": [0, 15, 0],
			"translation": [0, 4.75, 0.75],
			"scale": [0.9, 0.9, 0.9]
		},
		"ground": {
			"translation": [0, 3, 0],
			"scale": [0.6, 0.6, 0.6]
		},
		"gui": {
			"rotation": [-146.09, -47.11, -161.75],
			"translation": [0.5, 4.25, 0],
			"scale": [0.98, 0.98, 0.98]
		},
		"fixed": {
			"rotation": [0, 90, 0],
			"translation": [-0.75, 4.5, 0]
		}
	}
}