{
	"credit": "Made with Blockbench",
	"texture_size": [32, 32],
	"textures": {
		"0": "tg/item/instrument/didgeridoo",
		"particle": "tg/item/instrument/didgeridoo"
	},
	"elements": [
		{
			"from": [7, 12, 7],
			"to": [9, 26, 9],
			"faces": {
				"north": {"uv": [7.5, 7, 8.5, 14], "texture": "#0"},
				"east": {"uv": [6.5, 7, 7.5, 14], "texture": "#0"},
				"south": {"uv": [9.5, 7, 10.5, 14], "texture": "#0"},
				"west": {"uv": [8.5, 7, 9.5, 14], "texture": "#0"},
				"up": {"uv": [8.5, 7, 7.5, 6], "texture": "#0"},
				"down": {"uv": [9.5, 6, 8.5, 7], "texture": "#0"}
			}
		},
		{
			"from": [6.5, 5, 5.5],
			"to": [9.5, 14, 8.5],
			"faces": {
				"north": {"uv": [1.5, 7.5, 3, 12], "texture": "#0"},
				"east": {"uv": [0, 7.5, 1.5, 12], "texture": "#0"},
				"south": {"uv": [4.5, 7.5, 6, 12], "texture": "#0"},
				"west": {"uv": [3, 7.5, 4.5, 12], "texture": "#0"},
				"up": {"uv": [3, 7.5, 1.5, 6], "texture": "#0"},
				"down": {"uv": [4.5, 6, 3, 7.5], "texture": "#0"}
			}
		},
		{
			"from": [6, -1, 6],
			"to": [10, 6, 10],
			"faces": {
				"north": {"uv": [2, 2, 4, 5.5], "texture": "#0"},
				"east": {"uv": [0, 2, 2, 5.5], "texture": "#0"},
				"south": {"uv": [6, 2, 8, 5.5], "texture": "#0"},
				"west": {"uv": [4, 2, 6, 5.5], "texture": "#0"},
				"up": {"uv": [4, 2, 2, 0], "texture": "#0"},
				"down": {"uv": [6, 0, 4, 2], "texture": "#0"}
			}
		}
	],
	"display": {
		"thirdperson_righthand": {
			"rotation": [0, -40, 0],
			"translation": [0, -7, 0.75]
		},
		"thirdperson_lefthand": {
			"rotation": [95, -180, -18],
			"translation": [0, 2.75, -5]
		},
		"firstperson_righthand": {
			"rotation": [-29, -40, 0],
			"translation": [6, -4.5, 0.75]
		},
		"firstperson_lefthand": {
			"rotation": [78, -180, -3],
			"translation": [-3.75, 2.75, 0]
		},
		"ground": {
			"rotation": [-75, 0, 0],
			"scale": [0.5, 0.5, 0.5]
		},
		"gui": {
			"rotation": [-62, 14, 30],
			"translation": [1.25, -1.5, 0],
			"scale": [0.825, 0.825, 0.825]
		},
		"fixed": {
			"rotation": [0, -90, 0],
			"translation": [0, -2.75, 0],
			"scale": [0.67, 0.67, 0.67]
		}
	}
}