{
	"credit": "Made with Blockbench",
	"texture_size": [32, 32],
	"textures": {
		"0": "crescent/item/instrumento/flauta",
		"particle": "crescent/item/instrumento/flauta"
	},
	"elements": [
		{
			"from": [7, 0.5, 1],
			"to": [9, 2.5, 15],
			"faces": {
				"north": {"uv": [7, 7, 8, 8], "texture": "#0"},
				"east": {"uv": [0, 7, 7, 8], "texture": "#0"},
				"south": {"uv": [15, 7, 16, 8], "texture": "#0"},
				"west": {"uv": [8, 7, 15, 8], "texture": "#0"},
				"up": {"uv": [8, 7, 7, 0], "texture": "#0"},
				"down": {"uv": [9, 0, 8, 7], "texture": "#0"}
			}
		},
		{
			"from": [6.5, 0, 2],
			"to": [9.5, 3, 3],
			"faces": {
				"north": {"uv": [0.5, 3.5, 2, 5], "texture": "#0"},
				"east": {"uv": [0, 3.5, 0.5, 5], "texture": "#0"},
				"south": {"uv": [2.5, 3.5, 4, 5], "texture": "#0"},
				"west": {"uv": [2, 3.5, 2.5, 5], "texture": "#0"},
				"up": {"uv": [2, 3.5, 0.5, 3], "texture": "#0"},
				"down": {"uv": [3.5, 3, 2, 3.5], "texture": "#0"}
			}
		},
		{
			"from": [6.5, 0, 15],
			"to": [9.5, 3, 16],
			"faces": {
				"north": {"uv": [0.5, 9, 2, 10.5], "texture": "#0"},
				"east": {"uv": [0, 9, 0.5, 10.5], "texture": "#0"},
				"south": {"uv": [2.5, 9, 4, 10.5], "texture": "#0"},
				"west": {"uv": [2, 9, 2.5, 10.5], "texture": "#0"},
				"up": {"uv": [2, 9, 0.5, 8.5], "texture": "#0"},
				"down": {"uv": [3.5, 8.5, 2, 9], "texture": "#0"}
			}
		},
		{
			"from": [6.5, 0, 4],
			"to": [9.5, 3, 6],
			"faces": {
				"north": {"uv": [1, 1, 2.5, 2.5], "texture": "#0"},
				"east": {"uv": [0, 1, 1, 2.5], "texture": "#0"},
				"south": {"uv": [3.5, 1, 5, 2.5], "texture": "#0"},
				"west": {"uv": [2.5, 1, 3.5, 2.5], "texture": "#0"},
				"up": {"uv": [2.5, 1, 1, 0], "texture": "#0"},
				"down": {"uv": [4, 0, 2.5, 1], "texture": "#0"}
			}
		},
		{
			"from": [7, 1.5, 0],
			"to": [9, 2.5, 1],
			"faces": {
				"north": {"uv": [0.5, 6, 1.5, 6.5], "texture": "#0"},
				"east": {"uv": [0, 6, 0.5, 6.5], "texture": "#0"},
				"south": {"uv": [2, 6, 3, 6.5], "texture": "#0"},
				"west": {"uv": [1.5, 6, 2, 6.5], "texture": "#0"},
				"up": {"uv": [1.5, 6, 0.5, 5.5], "texture": "#0"},
				"down": {"uv": [2.5, 5.5, 1.5, 6], "texture": "#0"}
			}
		}
	],
	"gui_light": "front",
	"display": {
		"thirdperson_righthand": {
			"rotation": [90, 0, -9],
			"translation": [1, 0, 5.25],
			"scale": [0.8, 0.8, 0.8]
		},
		"thirdperson_lefthand": {
			"rotation": [-34, 151, 10],
			"translation": [-1.75, 5, 1.25],
			"scale": [0.8, 0.8, 0.8]
		},
		"firstperson_righthand": {
			"rotation": [38, 4, 0],
			"translation": [1.75, 6, 6.5],
			"scale": [0.8, 0.8, 0.8]
		},
		"firstperson_lefthand": {
			"rotation": [123, 46, -148],
			"translation": [2.5, 6.75, 0],
			"scale": [0.8, 0.8, 0.8]
		},
		"ground": {
			"translation": [0, 6.25, 0],
			"scale": [0.5, 0.5, 0.5]
		},
		"gui": {
			"rotation": [30, 225, 0],
			"translation": [0.5, 4.75, 0]
		},
		"head": {
			"rotation": [-53, -180, 0],
			"translation": [0, -9.25, -17]
		},
		"fixed": {
			"rotation": [90, 0, 90],
			"translation": [-6.5, 0, -1.5]
		}
	}
}