{
	"credit": "Made with Blockbench",
	"texture_size": [32, 32],
	"textures": {
		"0": "tg/item/instrument/lyre",
		"particle": "tg/item/instrument/lyre"
	},
	"elements": [
		{
			"from": [4, 0, 7],
			"to": [12, 2, 9],
			"faces": {
				"north": {"uv": [1, 3, 5, 4], "texture": "#0"},
				"east": {"uv": [0, 3, 1, 4], "texture": "#0"},
				"south": {"uv": [6, 3, 10, 4], "texture": "#0"},
				"west": {"uv": [5, 3, 6, 4], "texture": "#0"},
				"up": {"uv": [5, 3, 1, 2], "texture": "#0"},
				"down": {"uv": [9, 2, 5, 3], "texture": "#0"}
			}
		},
		{
			"from": [2, 8, 8],
			"to": [14, 12, 8],
			"faces": {
				"north": {"uv": [0, 0, 6, 2], "texture": "#0"},
				"east": {"uv": [8, 0, 8, 1.5], "texture": "#0"},
				"south": {"uv": [0, 0, 6, 2], "texture": "#0"},
				"west": {"uv": [8, 0, 8, 1.5], "texture": "#0"},
				"up": {"uv": [8, 0, 8, 1.5], "texture": "#0"},
				"down": {"uv": [8, 0, 8, 1.5], "texture": "#0"}
			}
		},
		{
			"from": [2, 2, 7],
			"to": [4, 9, 9],
			"faces": {
				"north": {"uv": [5.5, 5.5, 6.5, 9], "texture": "#0"},
				"east": {"uv": [4.5, 5.5, 5.5, 9], "texture": "#0"},
				"south": {"uv": [7.5, 5.5, 8.5, 9], "texture": "#0"},
				"west": {"uv": [6.5, 5.5, 7.5, 9], "texture": "#0"},
				"up": {"uv": [6.5, 5.5, 5.5, 4.5], "texture": "#0"},
				"down": {"uv": [7.5, 4.5, 6.5, 5.5], "texture": "#0"}
			}
		},
		{
			"from": [4, 2, 7],
			"to": [5, 3, 9],
			"faces": {
				"north": {"uv": [1, 10.5, 1.5, 11], "texture": "#0"},
				"east": {"uv": [0, 10.5, 1, 11], "texture": "#0"},
				"south": {"uv": [2.5, 10.5, 3, 11], "texture": "#0"},
				"west": {"uv": [1.5, 10.5, 2.5, 11], "texture": "#0"},
				"up": {"uv": [1.5, 10.5, 1, 9.5], "texture": "#0"},
				"down": {"uv": [2, 9.5, 1.5, 10.5], "texture": "#0"}
			}
		},
		{
			"from": [3, 1, 7],
			"to": [4, 2, 9],
			"faces": {
				"north": {"uv": [10, 7.5, 10.5, 8], "texture": "#0"},
				"east": {"uv": [9, 7.5, 10, 8], "texture": "#0"},
				"south": {"uv": [11.5, 7.5, 12, 8], "texture": "#0"},
				"west": {"uv": [10.5, 7.5, 11.5, 8], "texture": "#0"},
				"up": {"uv": [10.5, 7.5, 10, 6.5], "texture": "#0"},
				"down": {"uv": [11, 6.5, 10.5, 7.5], "texture": "#0"}
			}
		},
		{
			"from": [12, 2, 7],
			"to": [14, 9, 9],
			"faces": {
				"north": {"uv": [1, 5.5, 2, 9], "texture": "#0"},
				"east": {"uv": [0, 5.5, 1, 9], "texture": "#0"},
				"south": {"uv": [3, 5.5, 4, 9], "texture": "#0"},
				"west": {"uv": [2, 5.5, 3, 9], "texture": "#0"},
				"up": {"uv": [2, 5.5, 1, 4.5], "texture": "#0"},
				"down": {"uv": [3, 4.5, 2, 5.5], "texture": "#0"}
			}
		},
		{
			"from": [12, 1, 7],
			"to": [13, 2, 9],
			"faces": {
				"north": {"uv": [10, 5.5, 10.5, 6], "texture": "#0"},
				"east": {"uv": [9, 5.5, 10, 6], "texture": "#0"},
				"south": {"uv": [11.5, 5.5, 12, 6], "texture": "#0"},
				"west": {"uv": [10.5, 5.5, 11.5, 6], "texture": "#0"},
				"up": {"uv": [10.5, 5.5, 10, 4.5], "texture": "#0"},
				"down": {"uv": [11, 4.5, 10.5, 5.5], "texture": "#0"}
			}
		},
		{
			"from": [11, 2, 7],
			"to": [12, 3, 9],
			"faces": {
				"north": {"uv": [9, 9.5, 9.5, 10], "texture": "#0"},
				"east": {"uv": [8, 9.5, 9, 10], "texture": "#0"},
				"south": {"uv": [10.5, 9.5, 11, 10], "texture": "#0"},
				"west": {"uv": [9.5, 9.5, 10.5, 10], "texture": "#0"},
				"up": {"uv": [9.5, 9.5, 9, 8.5], "texture": "#0"},
				"down": {"uv": [10, 8.5, 9.5, 9.5], "texture": "#0"}
			}
		},
		{
			"from": [5.75, 2, 8],
			"to": [6.25, 10, 8],
			"faces": {
				"north": {"uv": [0, 12, 0.5, 16], "texture": "#0"},
				"east": {"uv": [0, 0, 0, 4], "texture": "#missing"},
				"south": {"uv": [0, 12, 0.5, 16], "texture": "#0"},
				"west": {"uv": [0, 0, 0, 4], "texture": "#missing"},
				"up": {"uv": [0, 0, 0.25, 0], "texture": "#missing"},
				"down": {"uv": [0, 0, 0.25, 0], "texture": "#missing"}
			}
		},
		{
			"from": [7.75, 2, 8],
			"to": [8.25, 10, 8],
			"faces": {
				"north": {"uv": [0, 12, 0.5, 16], "texture": "#0"},
				"east": {"uv": [0, 0, 0, 4], "texture": "#missing"},
				"south": {"uv": [0, 12, 0.5, 16], "texture": "#0"},
				"west": {"uv": [0, 0, 0, 4], "texture": "#missing"},
				"up": {"uv": [0, 0, 0.25, 0], "texture": "#missing"},
				"down": {"uv": [0, 0, 0.25, 0], "texture": "#missing"}
			}
		},
		{
			"from": [9.75, 2, 8],
			"to": [10.25, 10, 8],
			"faces": {
				"north": {"uv": [0, 12, 0.5, 16], "texture": "#0"},
				"east": {"uv": [0, 0, 0, 4], "texture": "#missing"},
				"south": {"uv": [0, 12, 0.5, 16], "texture": "#0"},
				"west": {"uv": [0, 0, 0, 4], "texture": "#missing"},
				"up": {"uv": [0, 0, 0.25, 0], "texture": "#missing"},
				"down": {"uv": [0, 0, 0.25, 0], "texture": "#missing"}
			}
		}
	],
	"gui_light": "front",
	"display": {
		"thirdperson_righthand": {
			"rotation": [0, 90, 0],
			"translation": [0, 0, -2],
			"scale": [0.75, 0.75, 0.75]
		},
		"thirdperson_lefthand": {
			"rotation": [0, 0, 22],
			"translation": [-5.75, 4, 1],
			"scale": [0.75, 0.75, 0.75]
		},
		"firstperson_righthand": {
			"rotation": [0, 90, 0],
			"translation": [2.25, 3.5, 0.75],
			"scale": [0.75, 0.75, 0.75]
		},
		"firstperson_lefthand": {
			"rotation": [0, 0, 22],
			"translation": [-1.75, 4, 1],
			"scale": [0.75, 0.75, 0.75]
		},
		"ground": {
			"translation": [0, 3, 0],
			"scale": [0.5, 0.5, 0.5]
		},
		"gui": {
			"rotation": [5, 27, 12],
			"translation": [-0.25, 1.75, 0]
		},
		"head": {
			"translation": [0, 13.5, 0]
		},
		"fixed": {
			"translation": [0, 2.75, -0.25],
			"scale": [1.3, 1.3, 1.3]
		}
	},
	"groups": [
		0,
		1,
		{
			"name": "side1",
			"origin": [0, 0, 0],
			"color": 0,
			"nbt": "{}",
			"armAnimationEnabled": false,
			"children": [2, 3, 4]
		},
		{
			"name": "side2",
			"origin": [0, 0, 0],
			"color": 0,
			"nbt": "{}",
			"armAnimationEnabled": false,
			"children": [5, 6, 7]
		},
		{
			"name": "strings",
			"origin": [8, 8, 8],
			"color": 0,
			"nbt": "{}",
			"armAnimationEnabled": false,
			"children": [8, 9, 10]
		}
	]
}