{
	"credit": "Made with Blockbench",
	"texture_size": [32, 32],
	"textures": {
		"0": "tg/item/instrument/ocarina",
		"particle": "tg/item/instrument/ocarina"
	},
	"elements": [
		{
			"from": [4, 0, 6],
			"to": [11, 6, 10],
			"faces": {
				"north": {"uv": [2, 7.5, 5.5, 10.5], "texture": "#0"},
				"east": {"uv": [0, 7.5, 2, 10.5], "texture": "#0"},
				"south": {"uv": [7.5, 7.5, 11, 10.5], "texture": "#0"},
				"west": {"uv": [5.5, 7.5, 7.5, 10.5], "texture": "#0"},
				"up": {"uv": [5.5, 7.5, 2, 5.5], "texture": "#0"},
				"down": {"uv": [9, 5.5, 5.5, 7.5], "texture": "#0"}
			}
		},
		{
			"from": [3, 1, 6],
			"to": [5, 5, 10],
			"faces": {
				"north": {"uv": [11.5, 11, 12.5, 13], "texture": "#0"},
				"east": {"uv": [9.5, 11, 11.5, 13], "texture": "#0"},
				"south": {"uv": [14.5, 11, 15.5, 13], "texture": "#0"},
				"west": {"uv": [12.5, 11, 14.5, 13], "texture": "#0"},
				"up": {"uv": [12.5, 11, 11.5, 9], "texture": "#0"},
				"down": {"uv": [13.5, 9, 12.5, 11], "texture": "#0"}
			}
		},
		{
			"from": [12, 1, 6],
			"to": [14, 4, 10],
			"faces": {
				"north": {"uv": [2, 13, 3, 14.5], "texture": "#0"},
				"east": {"uv": [0, 13, 2, 14.5], "texture": "#0"},
				"south": {"uv": [5, 13, 6, 14.5], "texture": "#0"},
				"west": {"uv": [3, 13, 5, 14.5], "texture": "#0"},
				"up": {"uv": [3, 13, 2, 11], "texture": "#0"},
				"down": {"uv": [4, 11, 3, 13], "texture": "#0"}
			}
		},
		{
			"from": [4, 1, 5],
			"to": [12, 5, 11],
			"faces": {
				"north": {"uv": [3, 3, 7, 5], "texture": "#0"},
				"east": {"uv": [0, 3, 3, 5], "texture": "#0"},
				"south": {"uv": [10, 3, 14, 5], "texture": "#0"},
				"west": {"uv": [7, 3, 10, 5], "texture": "#0"},
				"up": {"uv": [7, 3, 3, 0], "texture": "#0"},
				"down": {"uv": [11, 0, 7, 3], "texture": "#0"}
			}
		},
		{
			"from": [5, 4, 7],
			"to": [7, 8, 9],
			"faces": {
				"north": {"uv": [12.5, 6.5, 13.5, 8.5], "texture": "#0"},
				"east": {"uv": [11.5, 6.5, 12.5, 8.5], "texture": "#0"},
				"south": {"uv": [14.5, 6.5, 15.5, 8.5], "texture": "#0"},
				"west": {"uv": [13.5, 6.5, 14.5, 8.5], "texture": "#0"},
				"up": {"uv": [13.5, 6.5, 12.5, 5.5], "texture": "#0"},
				"down": {"uv": [14.5, 5.5, 13.5, 6.5], "texture": "#0"}
			}
		}
	],
	"gui_light": "front",
	"display": {
		"thirdperson_righthand": {
			"rotation": [0, -28, 0],
			"translation": [0, 4, 0],
			"scale": [0.65, 0.65, 0.65]
		},
		"thirdperson_lefthand": {
			"translation": [-5.25, 3.5, 0],
			"scale": [0.65, 0.65, 0.65]
		},
		"firstperson_righthand": {
			"rotation": [0, -28, 0],
			"translation": [0, 4, 0],
			"scale": [0.65, 0.65, 0.65]
		},
		"firstperson_lefthand": {
			"rotation": [4, -21, 16],
			"translation": [0, 3.5, 0],
			"scale": [0.65, 0.65, 0.65]
		},
		"ground": {
			"translation": [0, 3, 0],
			"scale": [0.6, 0.6, 0.6]
		},
		"gui": {
			"rotation": [30, -154, 0],
			"translation": [0.5, 3.75, 0]
		},
		"head": {
			"translation": [0, 14.5, 0]
		},
		"fixed": {
			"translation": [0, 5.5, 0]
		}
	}
}