{
	"credit": "Made with Blockbench",
	"texture_size": [32, 32],
	"textures": {
		"0": "tg/item/instrument/ukulele",
		"particle": "tg/item/instrument/ukulele"
	},
	"elements": [
		{
			"from": [5, 0, 7],
			"to": [11, 5, 9],
			"faces": {
				"north": {"uv": [1, 1, 4, 3.5], "texture": "#0"},
				"east": {"uv": [0, 1, 1, 3.5], "texture": "#0"},
				"south": {"uv": [5, 1, 8, 3.5], "texture": "#0"},
				"west": {"uv": [4, 1, 5, 3.5], "texture": "#0"},
				"up": {"uv": [4, 1, 1, 0], "texture": "#0"},
				"down": {"uv": [7, 0, 4, 1], "texture": "#0"}
			}
		},
		{
			"from": [6, 5, 7],
			"to": [10, 9, 9],
			"faces": {
				"north": {"uv": [1, 5, 3, 7], "texture": "#0"},
				"east": {"uv": [0, 5, 1, 7], "texture": "#0"},
				"south": {"uv": [4, 5, 6, 7], "texture": "#0"},
				"west": {"uv": [3, 5, 4, 7], "texture": "#0"},
				"up": {"uv": [3, 5, 1, 4], "texture": "#0"},
				"down": {"uv": [5, 4, 3, 5], "texture": "#0"}
			}
		},
		{
			"from": [7, 9, 7],
			"to": [9, 14, 8],
			"faces": {
				"north": {"uv": [7, 7, 8, 9.5], "texture": "#0"},
				"east": {"uv": [6.5, 7, 7, 9.5], "texture": "#0"},
				"south": {"uv": [8.5, 7, 9.5, 9.5], "texture": "#0"},
				"west": {"uv": [8, 7, 8.5, 9.5], "texture": "#0"},
				"up": {"uv": [8, 7, 7, 6.5], "texture": "#0"},
				"down": {"uv": [9, 6.5, 8, 7], "texture": "#0"}
			}
		},
		{
			"from": [6.5, 14, 7],
			"to": [9.5, 17, 8],
			"faces": {
				"north": {"uv": [7, 4.5, 8.5, 6], "texture": "#0"},
				"east": {"uv": [6.5, 4.5, 7, 6], "texture": "#0"},
				"south": {"uv": [9, 4.5, 10.5, 6], "texture": "#0"},
				"west": {"uv": [8.5, 4.5, 9, 6], "texture": "#0"},
				"up": {"uv": [8.5, 4.5, 7, 4], "texture": "#0"},
				"down": {"uv": [10, 4, 8.5, 4.5], "texture": "#0"}
			}
		},
		{
			"from": [8.25, 1, 6.75],
			"to": [8.75, 15, 6.75],
			"faces": {
				"north": {"uv": [0, 9, 0.5, 16], "texture": "#0"},
				"east": {"uv": [0, 9, 0.5, 16], "texture": "#0"},
				"south": {"uv": [0, 9, 0.5, 16], "texture": "#0"},
				"west": {"uv": [0, 9, 0.5, 16], "texture": "#0"},
				"up": {"uv": [0, 9, 0.5, 16], "texture": "#0"},
				"down": {"uv": [0, 9, 0.5, 16], "texture": "#0"}
			}
		},
		{
			"from": [7.25, 1, 6.75],
			"to": [7.75, 15, 6.75],
			"faces": {
				"north": {"uv": [0, 9, 0.5, 16], "texture": "#0"},
				"east": {"uv": [0, 9, 0.5, 16], "texture": "#0"},
				"south": {"uv": [0, 9, 0.5, 16], "texture": "#0"},
				"west": {"uv": [0, 9, 0.5, 16], "texture": "#0"},
				"up": {"uv": [0, 9, 0.5, 16], "texture": "#0"},
				"down": {"uv": [0, 9, 0.5, 16], "texture": "#0"}
			}
		}
	],
	"display": {
		"thirdperson_righthand": {
			"rotation": [0, 24, 0],
			"translation": [0.5, -5.25, 2.25],
			"scale": [0.9, 0.9, 0.9]
		},
		"thirdperson_lefthand": {
			"rotation": [85, 28, -57],
			"translation": [-3.75, 0, 3.25],
			"scale": [0.9, 0.9, 0.9]
		},
		"firstperson_righthand": {
			"rotation": [14, 105, -24],
			"translation": [0.5, -1.75, 3],
			"scale": [0.9, 0.9, 0.9]
		},
		"firstperson_lefthand": {
			"rotation": [85, 28, -93],
			"translation": [-1, 3, 1.25],
			"scale": [0.9, 0.9, 0.9]
		},
		"ground": {
			"translation": [0, 3, 0],
			"scale": [0.5, 0.5, 0.5]
		},
		"gui": {
			"rotation": [-25, -180, -45],
			"translation": [-0.25, 0.25, 0]
		}
	}
}