{
    "providers": [
        {
            "type": "bitmap",
            "file": "minecraft:tg/gui/mana/1/empty.png",
            "ascent": 12,
            "height": 40,
            "chars": ["\uE100"]
        },
        {
            "type": "bitmap",
            "file": "minecraft:tg/gui/mana/1/01.png",
            "ascent": 12,
            "height": 40,
            "chars": ["\uE101"]
        },
        {
            "type": "bitmap",
            "file": "minecraft:tg/gui/mana/1/02.png",
            "ascent": 12,
            "height": 40,
            "chars": ["\uE102"]
        },
        {
            "type": "bitmap",
            "file": "minecraft:tg/gui/mana/1/03.png",
            "ascent": 12,
            "height": 40,
            "chars": ["\uE103"]
        },
        {
            "type": "bitmap",
            "file": "minecraft:tg/gui/mana/1/04.png",
            "ascent": 12,
            "height": 40,
            "chars": ["\uE104"]
        },
        {
            "type": "bitmap",
            "file": "minecraft:tg/gui/mana/1/05.png",
            "ascent": 12,
            "height": 40,
            "chars": ["\uE105"]
        },
        {
            "type": "bitmap",
            "file": "minecraft:tg/gui/mana/1/06.png",
            "ascent": 12,
            "height": 40,
            "chars": ["\uE106"]
        },
        {
            "type": "bitmap",
            "file": "minecraft:tg/gui/mana/1/07.png",
            "ascent": 12,
            "height": 40,
            "chars": ["\uE107"]
        },
        {
            "type": "bitmap",
            "file": "minecraft:tg/gui/mana/1/08.png",
            "ascent": 12,
            "height": 40,
            "chars": ["\uE108"]
        },
        {
            "type": "bitmap",
            "file": "minecraft:tg/gui/mana/1/09.png",
            "ascent": 12,
            "height": 40,
            "chars": ["\uE109"]
        },
        {
            "type": "bitmap",
            "file": "minecraft:tg/gui/mana/1/10.png",
            "ascent": 12,
            "height": 40,
            "chars": ["\uE110"]
        },
        {
            "type": "bitmap",
            "file": "minecraft:tg/gui/mana/1/11.png",
            "ascent": 12,
            "height": 40,
            "chars": ["\uE111"]
        },
        {
            "type": "bitmap",
            "file": "minecraft:tg/gui/mana/1/12.png",
            "ascent": 12,
            "height": 40,
            "chars": ["\uE112"]
        },
        {
            "type": "bitmap",
            "file": "minecraft:tg/gui/mana/1/13.png",
            "ascent": 12,
            "height": 40,
            "chars": ["\uE113"]
        },
        {
            "type": "bitmap",
            "file": "minecraft:tg/gui/mana/1/14.png",
            "ascent": 12,
            "height": 40,
            "chars": ["\uE114"]
        },
        {
            "type": "bitmap",
            "file": "minecraft:tg/gui/mana/1/15.png",
            "ascent": 12,
            "height": 40,
            "chars": ["\uE115"]
        },
        {
            "type": "bitmap",
            "file": "minecraft:tg/gui/mana/1/16.png",
            "ascent": 12,
            "height": 40,
            "chars": ["\uE116"]
        },
        {
            "type": "bitmap",
            "file": "minecraft:tg/gui/mana/1/17.png",
            "ascent": 12,
            "height": 40,
            "chars": ["\uE117"]
        },
        {
            "type": "bitmap",
            "file": "minecraft:tg/gui/mana/1/full.png",
            "ascent": 12,
            "height": 40,
            "chars": ["\uE118"]
        },
        {
            "type": "bitmap",
            "file": "minecraft:tg/gui/musical_notes/1do.png",
            "ascent": 12,
            "height": 40,
            "chars": ["\uE119"]
        },
        {
            "type": "bitmap",
            "file": "minecraft:tg/gui/musical_notes/2re.png",
            "ascent": 12,
            "height": 40,
            "chars": ["\uE120"]
        },
        {
            "type": "bitmap",
            "file": "minecraft:tg/gui/musical_notes/3mi.png",
            "ascent": 12,
            "height": 40,
            "chars": ["\uE121"]
        },
        {
            "type": "bitmap",
            "file": "minecraft:tg/gui/musical_notes/4fa.png",
            "ascent": 12,
            "height": 40,
            "chars": ["\uE122"]
        },
        {
            "type": "bitmap",
            "file": "minecraft:tg/gui/musical_notes/5sol.png",
            "ascent": 12,
            "height": 40,
            "chars": ["\uE123"]
        },
        {
            "type": "bitmap",
            "file": "minecraft:tg/gui/musical_notes/6la.png",
            "ascent": 12,
            "height": 40,
            "chars": ["\uE124"]
        },
        {
            "type": "bitmap",
            "file": "minecraft:tg/gui/musical_notes/7si.png",
            "ascent": 12,
            "height": 40,
            "chars": ["\uE125"]
        },
        {
            "type": "bitmap",
            "file": "minecraft:tg/gui/musical_notes/8do.png",
            "ascent": 12,
            "height": 40,
            "chars": ["\uE126"]
        },
        {
            "type": "bitmap",
            "file": "minecraft:tg/gui/musical_notes/9re.png",
            "ascent": 12,
            "height": 40,
            "chars": ["\uE127"]
        },
        {
            "type": "bitmap",
            "file": "minecraft:tg/gui/mana/2/empty.png",
            "ascent": 12,
            "height": 40,
            "chars": ["\uE200"]
        },
        {
            "type": "bitmap",
            "file": "minecraft:tg/gui/mana/2/01.png",
            "ascent": 12,
            "height": 40,
            "chars": ["\uE201"]
        },
        {
            "type": "bitmap",
            "file": "minecraft:tg/gui/mana/2/02.png",
            "ascent": 12,
            "height": 40,
            "chars": ["\uE202"]
        },
        {
            "type": "bitmap",
            "file": "minecraft:tg/gui/mana/2/03.png",
            "ascent": 12,
            "height": 40,
            "chars": ["\uE203"]
        },
        {
            "type": "bitmap",
            "file": "minecraft:tg/gui/mana/2/04.png",
            "ascent": 12,
            "height": 40,
            "chars": ["\uE204"]
        },
        {
            "type": "bitmap",
            "file": "minecraft:tg/gui/mana/2/05.png",
            "ascent": 12,
            "height": 40,
            "chars": ["\uE205"]
        },
        {
            "type": "bitmap",
            "file": "minecraft:tg/gui/mana/2/06.png",
            "ascent": 12,
            "height": 40,
            "chars": ["\uE206"]
        },
        {
            "type": "bitmap",
            "file": "minecraft:tg/gui/mana/2/07.png",
            "ascent": 12,
            "height": 40,
            "chars": ["\uE207"]
        },
        {
            "type": "bitmap",
            "file": "minecraft:tg/gui/mana/2/08.png",
            "ascent": 12,
            "height": 40,
            "chars": ["\uE208"]
        },
        {
            "type": "bitmap",
            "file": "minecraft:tg/gui/mana/2/09.png",
            "ascent": 12,
            "height": 40,
            "chars": ["\uE209"]
        },
        {
            "type": "bitmap",
            "file": "minecraft:tg/gui/mana/2/10.png",
            "ascent": 12,
            "height": 40,
            "chars": ["\uE210"]
        },
        {
            "type": "bitmap",
            "file": "minecraft:tg/gui/mana/2/11.png",
            "ascent": 12,
            "height": 40,
            "chars": ["\uE211"]
        },
        {
            "type": "bitmap",
            "file": "minecraft:tg/gui/mana/2/12.png",
            "ascent": 12,
            "height": 40,
            "chars": ["\uE212"]
        },
        {
            "type": "bitmap",
            "file": "minecraft:tg/gui/mana/2/13.png",
            "ascent": 12,
            "height": 40,
            "chars": ["\uE213"]
        },
        {
            "type": "bitmap",
            "file": "minecraft:tg/gui/mana/2/14.png",
            "ascent": 12,
            "height": 40,
            "chars": ["\uE214"]
        },
        {
            "type": "bitmap",
            "file": "minecraft:tg/gui/mana/2/15.png",
            "ascent": 12,
            "height": 40,
            "chars": ["\uE215"]
        },
        {
            "type": "bitmap",
            "file": "minecraft:tg/gui/mana/2/16.png",
            "ascent": 12,
            "height": 40,
            "chars": ["\uE216"]
        },
        {
            "type": "bitmap",
            "file": "minecraft:tg/gui/mana/2/17.png",
            "ascent": 12,
            "height": 40,
            "chars": ["\uE217"]
        },
        {
            "type": "bitmap",
            "file": "minecraft:tg/gui/mana/2/full.png",
            "ascent": 12,
            "height": 40,
            "chars": ["\uE218"]
        }
    ]
}