{
	"credit": "Made with Blockbench",
	"texture_size": [32, 32],
	"textures": {
		"0": "tg/item/instrument/pan_flute",
		"particle": "tg/item/instrument/pan_flute"
	},
	"elements": [
		{
			"from": [10, 0, 7],
			"to": [12, 13, 9],
			"faces": {
				"north": {"uv": [1, 3.5, 2, 10], "texture": "#0"},
				"east": {"uv": [0, 3.5, 1, 10], "texture": "#0"},
				"south": {"uv": [3, 3.5, 4, 10], "texture": "#0"},
				"west": {"uv": [2, 3.5, 3, 10], "texture": "#0"},
				"up": {"uv": [2, 3.5, 1, 2.5], "texture": "#0"},
				"down": {"uv": [3, 2.5, 2, 3.5], "texture": "#0"}
			}
		},
		{
			"from": [8, 2, 7],
			"to": [10, 13, 9],
			"faces": {
				"north": {"uv": [5.5, 3.5, 6.5, 9], "texture": "#0"},
				"east": {"uv": [4.5, 3.5, 5.5, 9], "texture": "#0"},
				"south": {"uv": [7.5, 3.5, 8.5, 9], "texture": "#0"},
				"west": {"uv": [6.5, 3.5, 7.5, 9], "texture": "#0"},
				"up": {"uv": [6.5, 3.5, 5.5, 2.5], "texture": "#0"},
				"down": {"uv": [7.5, 2.5, 6.5, 3.5], "texture": "#0"}
			}
		},
		{
			"from": [6, 4, 7],
			"to": [8, 13, 9],
			"faces": {
				"north": {"uv": [9, 9.5, 10, 14], "texture": "#0"},
				"east": {"uv": [8, 9.5, 9, 14], "texture": "#0"},
				"south": {"uv": [11, 9.5, 12, 14], "texture": "#0"},
				"west": {"uv": [10, 9.5, 11, 14], "texture": "#0"},
				"up": {"uv": [10, 9.5, 9, 8.5], "texture": "#0"},
				"down": {"uv": [11, 8.5, 10, 9.5], "texture": "#0"}
			}
		},
		{
			"from": [4, 6, 7],
			"to": [6, 13, 9],
			"faces": {
				"north": {"uv": [10, 3.5, 11, 7], "texture": "#0"},
				"east": {"uv": [9, 3.5, 10, 7], "texture": "#0"},
				"south": {"uv": [12, 3.5, 13, 7], "texture": "#0"},
				"west": {"uv": [11, 3.5, 12, 7], "texture": "#0"},
				"up": {"uv": [11, 3.5, 10, 2.5], "texture": "#0"},
				"down": {"uv": [12, 2.5, 11, 3.5], "texture": "#0"}
			}
		},
		{
			"from": [3.75, 8, 6.75],
			"to": [12.25, 11, 6.75],
			"faces": {
				"north": {"uv": [1, 1, 5, 2.5], "texture": "#0"},
				"east": {"uv": [0, 1, 1, 2.5], "texture": "#0"},
				"south": {"uv": [6, 1, 10, 2.5], "texture": "#0"},
				"west": {"uv": [5, 1, 6, 2.5], "texture": "#0"},
				"up": {"uv": [5, 1, 1, 0], "texture": "#0"},
				"down": {"uv": [9, 0, 5, 1], "texture": "#0"}
			}
		},
		{
			"from": [12.25, 8, 6.75],
			"to": [12.25, 11, 9.25],
			"faces": {
				"north": {"uv": [1, 1, 5, 2.5], "texture": "#0"},
				"east": {"uv": [0, 1, 1, 2.5], "texture": "#0"},
				"south": {"uv": [6, 1, 10, 2.5], "texture": "#0"},
				"west": {"uv": [5, 1, 6, 2.5], "texture": "#0"},
				"up": {"uv": [5, 1, 1, 0], "texture": "#0"},
				"down": {"uv": [9, 0, 5, 1], "texture": "#0"}
			}
		},
		{
			"from": [3.75, 8, 9.25],
			"to": [12.25, 11, 9.25],
			"faces": {
				"north": {"uv": [1, 1, 5, 2.5], "texture": "#0"},
				"east": {"uv": [0, 1, 1, 2.5], "texture": "#0"},
				"south": {"uv": [6, 1, 10, 2.5], "texture": "#0"},
				"west": {"uv": [5, 1, 6, 2.5], "texture": "#0"},
				"up": {"uv": [5, 1, 1, 0], "texture": "#0"},
				"down": {"uv": [9, 0, 5, 1], "texture": "#0"}
			}
		},
		{
			"from": [3.75, 8, 6.75],
			"to": [3.75, 11, 9.25],
			"faces": {
				"north": {"uv": [1, 1, 5, 2.5], "texture": "#0"},
				"east": {"uv": [0, 1, 1, 2.5], "texture": "#0"},
				"south": {"uv": [6, 1, 10, 2.5], "texture": "#0"},
				"west": {"uv": [5, 1, 6, 2.5], "texture": "#0"},
				"up": {"uv": [5, 1, 1, 0], "texture": "#0"},
				"down": {"uv": [9, 0, 5, 1], "texture": "#0"}
			}
		}
	],
	"display": {
		"thirdperson_righthand": {
			"rotation": [0, -70, 0],
			"translation": [-0.5, -1.25, -1],
			"scale": [0.7, 0.7, 0.7]
		},
		"thirdperson_lefthand": {
			"rotation": [55, -180, 0],
			"translation": [-4.25, -1.25, 1],
			"scale": [0.7, 0.7, 0.7]
		},
		"firstperson_righthand": {
			"rotation": [0, -70, 0],
			"translation": [3.25, 1.5, -1],
			"scale": [0.7, 0.7, 0.7]
		},
		"firstperson_lefthand": {
			"rotation": [34, 146, -28],
			"translation": [-1.25, 2.75, 1],
			"scale": [0.7, 0.7, 0.7]
		},
		"ground": {
			"translation": [0, 3, 0],
			"scale": [0.5, 0.5, 0.5]
		},
		"gui": {
			"rotation": [148.72, 35.14, -152.64],
			"translation": [1, 1, 0],
			"scale": [1.1, 1.1, 1.1]
		},
		"fixed": {
			"translation": [0, 0.75, 0]
		}
	},
	"groups": [
		0,
		1,
		2,
		3,
		{
			"name": "overlay",
			"origin": [0, 0, 0],
			"color": 0,
			"nbt": "{}",
			"armAnimationEnabled": false,
			"children": [4, 5, 6, 7]
		}
	]
}