{
  "parent": "minecraft:item/handheld_rod",
  "textures": {
    "layer0": "minecraft:item/warped_fungus_on_a_stick"
  },
	"overrides": [
		{ "predicate": { "custom_model_data": 4001 }, "model": "item/tg/item/instrument/banjo" },
		{ "predicate": { "custom_model_data": 4002 }, "model": "item/tg/item/instrument/lute" },
		{ "predicate": { "custom_model_data": 4003 }, "model": "item/tg/item/instrument/lyre" },
		{ "predicate": { "custom_model_data": 4004 }, "model": "item/tg/item/instrument/pan_flute" },
		{ "predicate": { "custom_model_data": 4005 }, "model": "item/tg/item/instrument/didgeridoo" },
		{ "predicate": { "custom_model_data": 4006 }, "model": "item/tg/item/instrument/ukulele" },
		{ "predicate": { "custom_model_data": 4007 }, "model": "item/tg/item/instrument/trumpet" },
		{ "predicate": { "custom_model_data": 4008 }, "model": "item/tg/item/instrument/ocarina" },
		{ "predicate": { "custom_model_data": 4009 }, "model": "item/tg/item/instrument/ocarina_variant" }
	]
}